0;1;2;3;4;20
1;0;5
2;0
3;0;9
4;0;8
5;1;6;7
6;5;10;27
7;5
8;4;11;29
9;3;13;15;26
10;6
11;8;36
12;16
13;9
14;19
15;9;33
16;20;12
17;20;31
18;20;21
19;20;14;22;24
20;0;16;17;18;19
21;18;28;34
22;19
23;29
24;19;37
25;26
26;9;25
27;6;53
28;21;42
29;8;23;38;49
30;31
31;17;30
32;33
33;15;32
34;21
35;36
36;11;35
37;24;39;40
38;29;46
39;37
40;37
41;46
42;28
43;46
44;46
45;52
46;38;41;43;44
47;53
48;49;51
49;29;48;52;54;55
50;53;79
51;48;70
52;49;45;58;60
53;27;47;50
54;49;59
55;49;57
56;58
57;55
58;52;56;68
59;54
60;52;61;63
61;60;62
62;61
63;60
64;68
65;70
66;70
67;68
68;58;64;67;69
69;68
70;51;65;66
71;73;91
72;73
73;79;71;72;76
74;79
75;77
76;73
77;79;75;80;84
78;79;81;83
79;50;73;74;77;78
80;77;86
81;78;87;92
82;84;98
83;78
84;77;82
85;86
86;80;85;88;89
87;81
88;86;93;94
89;86;99
90;91;102
91;71;90
92;81;97
93;88
94;88
95;97
96;97;126
97;92;95;96
98;82;100;101
99;89;103
100;98
101;98
102;90;104;108;111
103;99
104;102;120
105;111
106;108;107;110
107;106
108;102;106;113;115
109;111;116
110;106
111;102;105;109;114;118
112;120
113;108;123
114;111;119
115;108;121
116;109
117;122
118;111;144
119;114
120;104;112;124;127
121;115
122;126;117;134
123;113
124;120;133
125;126;128;130
126;96;122;125;131
127;120
128;125;149
129;131
130;125;135
131;126;129;132;136
132;131
133;124;142
134;122
135;130
136;131;138;139;147
137;144
138;136
139;136
140;143
141;144;152
142;133
143;144;140;146;150
144;118;137;141;143
145;149;154
146;143;159
147;136
148;149;157
149;128;145;148
150;143
151;152;155;156
152;141;151;153;167
153;152;164
154;145;160
155;151
156;151;179
157;148;158;163
158;157
159;146;166
160;154
161;164
162;167
163;157
164;153;161
165;167;169;173
166;159;174
167;152;162;165;168;172
168;167;170;175
169;165;171
170;168;177
171;169;186
172;167
173;165;180
174;166
175;168
176;179
177;170;197
178;179;181
179;156;176;178;183;185
180;173
181;178;202
182;185
183;179;184;190
184;183
185;179;182;189
186;171;203
187;190;200
188;190
189;185;191;193
190;183;187;188;195
191;189
192;197
193;189
194;195;210
195;190;194;207
196;197;198;208
197;177;192;196;199
198;196;211;216
199;197;206
200;187
201;202
202;181;201
203;186;205
204;207;215;220
205;203
206;199
207;195;204
208;196;214
209;210;224
210;194;209;212;213
211;198;217
212;210;225
213;210;227
214;208
215;204;222
216;198;226
217;211;218;223
218;217
219;224;250
220;204;221
221;220
222;215
223;217;245
224;209;219
225;212
226;216;228;230;231
227;213;229
228;226;233
229;227;234
230;226;238
231;226;232;237
232;231;236
233;228;235
234;229;243
235;233
236;232;242
237;231
238;230;240;246
239;241;256
240;238;261
241;245;239
242;236
243;234
244;245;248
245;223;241;244;247;252
246;238
247;245
248;244
249;250;258;259;264
250;219;249;255;263
251;252
252;245;251;253
253;252;257
254;255;260
255;250;254
256;239
257;253
258;249;262
259;249;270
260;254
261;240;269
262;258;271
263;250;265;266;268
264;249;275;283
265;263
266;263;267
267;266;278
268;263
269;261;273
270;259;272
271;262;285
272;270
273;269;276
274;275
275;264;274
276;273
277;283;289
278;267;284
279;283;280;287
280;279
281;283
282;283;296
283;264;277;279;281;282
284;278;290;299
285;271;288
286;289;293
287;279;292
288;285;298
289;277;286
290;284;308
291;295;313
292;287;297
293;286
294;296;301
295;296;291;303
296;282;294;295
297;292
298;288;300
299;284;304
300;298;310
301;294;302
302;301
303;295;305;312
304;299;309;316
305;303
306;308;317
307;308
308;290;306;307
309;304
310;300;318
311;313
312;303;314
313;291;311;322
314;312
315;316
316;304;315;320
317;306;324
318;310;323
319;322
320;316
321;322;328
322;313;319;321
323;318;326
324;317;325;330
325;324;331
326;323;333
327;328
328;321;327;329;332
329;328;335;337
330;324;338
331;325
332;328;340
333;326;341
334;338;346
335;329
336;338
337;329;339;348
338;330;334;336;343
339;337;347;350
340;332;352
341;333;342;344;349
342;341;354
343;338
344;341
345;348
346;334
347;339
348;337;345
349;341;357
350;339;361
351;352;356
352;340;351;353
353;352;363
354;342;355;359;373
355;354;360
356;351
357;349;367
358;361
359;354;366;372
360;355
361;350;358;362;364;371
362;361
363;353;365;368
364;361
365;363
366;359
367;357;369;370
368;363;382
369;367;374;380
370;367
371;361;379;391
372;359;375;381
373;354
374;369
375;372;376;378
376;375
377;382
378;375
379;371;384;385
380;369;383
381;372;389
382;368;377
383;380
384;379;387
385;379;388;392
386;391;401
387;384
388;385
389;381;404
390;391;397
391;371;386;390;393
392;385
393;391;395;400
394;395
395;393;394
396;397;430
397;390;396
398;401
399;401;405;410
400;393;408
401;386;398;399;409
402;404
403;404;412
404;389;402;403;413
405;399;416
406;408
407;409;411
408;400;406;414
409;401;407;417
410;399;415
411;407
412;403
413;404
414;408;425
415;410;420
416;405;418;419;421
417;409;424
418;416
419;416
420;415
421;416;433
422;424
423;425
424;417;422
425;414;423
426;436
427;431
428;430;429;432;435
429;428;438
430;396;428;431;436;444
431;430;427
432;428
433;421;448
434;436;446
435;428
436;430;426;434;443
437;443
438;429
439;441
440;444;442;449
441;444;439;447
442;440
443;436;437
444;430;440;441;445;452
445;444;451
446;434
447;441;455
448;433;462
449;440;454
450;452;474
451;445
452;444;450;453;456;466
453;452;472
454;449;459
455;447;458
456;452
457;459
458;455;463;464
459;454;457
460;466;465
461;472
462;448
463;458
464;458
465;460
466;452;460;469;471
467;469
468;474
469;466;467;470
470;469
471;466;480
472;453;461;473
473;472;490
474;450;468;475;478;483
475;474;476;477
476;475
477;475
478;474
479;483;482;487
480;471
481;483
482;479;484;489
483;474;479;481
484;482
485;495
486;487;493
487;479;486;494
488;490;491;497
489;482
490;473;488;492;495
491;488
492;490
493;486
494;487;499
495;490;485
496;497
497;488;496;498
498;497
499;494
